{"file_hashes":[{"block_hashes":["IoJNAweaureweuzfnpe2dJ814BruQYn7/yJQE4bqz3Y=","vUMPTULmrkRLZNiFUH8eyqbJph/QDe4FQVOkdALXXn8=","+mCkZUgraiADQQUrmCDCdaYaTjJvm4rWkSgbzXcSokM=","ly0KaN7cHukqxBVlcgw0OcwPalWgm1Zypf/ElhF++cQ=","alNxrUL1xCYKTTWERmr6bJ2oNs/65cdAMQ/0deUzXYU=","XrVrFcQ4Gs4SkICWsfZOgl/3HQo9IOm4I6n3wOt8a+M=","34x1TU4m0ToibLFZNNvYHIvgIKd2+byh2nJ734si7vI=","Lkkm1CFd1GVuMqFOKwHpd9ERxJJ7MlVUClh0990aZTc=","E1qvUtJKSFqJliABTffMmi48jJyz6xOCQU4QsKoUqxo=","Zh7vKnURsqXXlmTUbXHCxsZUwz8qCB4R5haRaBlRVSE=","ztl+riV2U09+i8kvk04YzYu8ygeDZEfF/txxX1uUHek=","d+JayOH+71txxSpgTTWzGn2tH4gA2ZLHj2TwI2+aSos=","imDG6qtCQXbFett5w5++7aoCIyC04FrNgwE4LJCttWw=","vnf3J/liN9qxOE/uXyzfIVVQh9niihHdC9/NiJlSy4Q=","l8rj+mQVr3F44rYGCeF+Ny3AgZN3lEvdjFsF79X7ymY=","v584KgO2r9khDH1Y1ACHFKsl1xtTY7MeicEZS/LB6E4=","N5VcOB0RgK836tNxC9CpB/urMTr9rMHOTPn9dI/fn9I=","af0FV/HUhMUm7p2Sq8nb7tr3ZgnF1RFsFbhksUHzPto=","4EQu5jgNdWvuFG7T2mGswO7sNuahCOaQTfdGKPFh04A=","BF7Nw8Onc//7KnCQgUpH7eYdZwcdx/LAi5Ir2z0fy+k=","H98r4k+0ukNx7rkIq9YutGzf9a4GrY3GFn4gUrWmwRo=","SXNt/Y8NOa71wYggxGm26MA4H7bR4vEpkoTPHlV6Eh0=","iZd0UPEt/Z1tzVvRqSDW2iOlJX2e5vb47Z7sJNm2pYI=","vTKbNjD/pAddPIcG5sCJ/7U3kIaWYR2INzewACPBfeQ=","A30Aiv5Yjq0T5fCBMAVUokTjO16sL5WbQ8UmZNUwcms=","MVpBGdB7u+wx04Y7N6Wc4QPFucP7Ss1/vxm7s3Giy1o=","6th40uy05BFFUNMIz4HR+Us5vneYDf12UaSbGt8WLUc=","jkVqlbHV7awXfRHhRMMncRwoE7LUkM2IdNtXP3nF60k=","qp0FEReKUh67cFyV4ry4y5tKUO4zdX6HdgUE5p971wk=","9t2ciDbF8dL+LnPQT3pKgJL8WlHqTZ1iALYSr9TCxCQ=","XoTkDJMzVoQJfqjfp6TpPwpVwSM0t7RF+bp+gc7SjB4=","29x8on27Nl0T/KzicW++rm9qAvZzsO2Be7Bm83Lb3PM=","631mQweb5vjxv2515vebZ1AKOmFCEA8iTD4RgcOID80=","0SglzFD8b8dk8TCkj6uFHFrIEOQjlq11U1jAZeTgE34="],"block_size":4096,"path":"build/backend.js"},{"block_hashes":["cG2ZxBMvYiLbTllhSQy6UwtOls45JQEdfVEtsNdr8Po="],"block_size":4096,"path":"build/background.js"},{"block_hashes":["WAMHyiHx9XGfYfYTIj9D6K5UQERS/TrlTH29faDtvpI="],"block_size":4096,"path":"build/contentScript.js"},{"block_hashes":["bVbJMuaIF3i8WPnXy6GzbK8CgcoyVjd0Onw+vr4Ktdo=","znGlf+EhCELU8bMj565QXRmAeFWI7MXWge0AxcOt7T4=","7YiLGQOCcKuB40LbgTGVvJCxf3o0z4UBrtEVkl/4FE8=","QVI+txH3jOVr1jg9dvtdtYJOzEdAPMqCVfn5VnZDvqY=","EwnbMihqonPfd9HZmYOYGEXxG1KFoH8xjn5t7akvOmc=","Fy1WssYxme2vJQ2t/AEiCMiyw+TjQxSi0lRToOS0/1s=","JRL49hx72iPBO1DRlGcNIo/j9vCTEqXMRm+UECq7iqs=","YkXe86aYuielaYnVKjH2UoYDeodpSexE8yooTw2yXI8=","2NG8NbsR9tOxr2baPk/WH9HDSdop/qR9vsChlC1scKA=","aaECyV8NLyJUIZ2RLDLeZdPcGzSDCmcgaiJCuP/1ZrE=","VDQj4NgVqoR4bSbj+BkZGEniR8Ev19PaS00zy3X0SC0=","5Gv6Bk2OCD9/CnIDwGohM7TDRrNenX1EQnMZw2xAthg=","jcYY/sbPLTC2RT1ZolVd8VUn/v0BD2qqGTMzZ59gbAs=","fapBlas3VvaEV4VAh/aFMlyzrY8qiJoZAYCcmuOLh/w=","qRmxgid69KHkCFccth0CrI3Bm4aOeWRDv5bRFWzlyJs=","w4AC9gTACueygsJQmvMerERD/Ln/44RhNZF+UvaIadw=","hbEO193/tCm1lGFQ9C3gFRf7DOlX7B+zXY5PYcXgLgQ=","V8KtcOLQ5/w6PvR6kz4F6CrUXm+mExvDeqWdnqSbpFI=","SgvJuG4ta5DPJVACNp4sNzVo3czNW70Mge9xJPGlMns=","TtO/N4ZisrlEDjxWBes4j+HynGDblDu6NWXVA/M278o=","naTeJSIwhyrYfXLv8ELwqMpRNsCid5SDspyZgdXYm0g=","xnMaWGhIQlGNJwlE99sJPGDcvPjt84iA2cZxbDzWFBU=","x33G4tesMidL2J2OyO41c0zZVJhZVhyIPVVPoGUmSt4=","nLInXAqUEPpd7BVwK31b6fSXWSB65okoago3AOqT0aU=","+rJqJZmyGS163W498Hnx2n3xbbRJpi44q17kl4QVFBA="],"block_size":4096,"path":"build/injectGlobalHook.js"},{"block_hashes":["ECGYoCLxuVYpMU336z3/3NX+78vAxySnPeq1h7PvFSw=","Z37psEAM7g4DPbTUgmuTAll/iJC9sFTihyIAXbGZbgk=","U5mieN5nbBM0jsmxhPA4LA5iTEwFsdtRyUx3Ko/9OzA=","YNBio+HwdgMIrx8cr3t89q2xmE/IERVLj0vvh5u5y2Q=","7pN0D9F7Wh47pfqjRvHqV01CJiUIDV8upyMb1Qasw1Q=","K83tY4pN3Lw0lYCjm/dgPf1tYebdYpteN5CT+cA5LqY=","LIec5HvgNiY+z+PaYa+mW0nM3LWVBrRh9j96su5BqCU=","PtN0DMIjEKXqVQbPJnIWFp+DFFYeeNMozhRAh4z1PwU=","rM72Xbs4gsCFKoAFsgSyp+vB2NJJ4fKUG/jYlFUi5P4=","aw9DCNsbDDj2HAZ+HpyIXejj5DR4l10/G/7BwvoXBSQ=","+0dlqYhoME26Qs0vc16z/cAujHZShq74Oyikd+EtQzg=","nyNLUz5s9oNSFI9YkCDzA/OahrJ4qZBBP/2SZHZgr0Q=","7LkuL9hE3j8zpt6UKXG/IfPAvZXMDsqTSP0ZDpsGTqM=","s2K2MsIlcWjKgSn1LXfqFMonJ6eLUK38eiJyKzBmMC4=","C1J5bYluWMoAz9NcPRJnvWYCMrthjbD1ZKIPMAmv+zo=","omQa0qUoUpm2ayTENVN5JWyCLtA+SxNecNJhJ7i/pwQ=","aDKRyeJ05luPFs9lC4vVAALYpwtw6iCHN4xgKVD749g=","sQJWYosDAZ06lsEpPpxg2SHV3vsTxkSTeCt9n6rAENo=","RdT84OlwVlzQ/bPhXibp+9PMyb/rVKvioyW+uUvrdtE=","EuQhRmW7qWnjIxHraeCSeAiNQ4YEzzJububeJp5BZq4=","SdE9sKp1nwFWrA1cdwGDZ04psl2409VgY/KR4ytXi6k=","2Haa3JhvhNBhWSJONiTQE4YTSu4dKHVArVMTcJjDPVM=","MNoL+FX0bntUo92KdFxUA4RUH4iYE5xcrf5S52FOdK0=","0oofsXOl+kpXnqrtltM4cg8Mlk2DTTDTaCcaGq4ODyU=","tFA/kVrLdMADefbcsLeG4Xx2ZyE4Wbf1eg3m2ufCUOU=","S2b6F9nZ6ao1Wx1jxrqrBU+bSuBDa+Jzn6TK+tGQvDk=","v0OaThfIM2CRfxV5M2HMbr6I+bvdpIBE6EYhXyTUMOc=","a7KqOMbIMs/+4YNYEiS44CWH3j1we6dF/2YumuhjrqY=","xHtrIsXeVl3wDs1nA9CD86+CWls/ccilIBEjEpmKang=","nj/nQ9RDoSgZW0vQqYaTjBPdMpqVrffPONscHTHbX3Q=","/iautoaJyiywW1gcoLqlyxhMhR4eL65qAam6+l+qz9U=","bOs0kIj5gVSpjRomjYsrZ+QqOPTnluhQKfGwqB6pLIs=","RqzLEzW3/AVCQg4bDUdFq493iJjuoKsYoF0PGpgqLAE=","RKEsogDnoV5HpLc0YgDp/CGofPEE++Vd4xNqgS/ntXU=","/2HN0vNYWdJMNsSt/oIl7Ht7LE0FOMOk4/OxXyHbC/g=","gEf2poRjy9o0fpdcKQbEHLbA5WYKmsthdQ58xPVWe2k=","/iKQMe90CRq1NQEEfnOrbZlAc5dHQHWJNSL7AUTbhQ0=","GKZVRdxhPoLhNu2GQnnFvBU3TIVdnTPzgn9HWELzN98=","bcoYtVyQoC+1waK9XgscEhMKy7jvYU3OajXDk5cZcFE=","58SuXlRbmIcIlRS7Yc5qV9QcmLM4HpLmStiMUQErHJA=","3RPOU38MMEdU+89WWRGA54+O2ZJHrGyiM3jvpz7meaI=","+1AAbzs0uTxjmS5H+muqrMyXjN2jdk/ac9rsKtPtDQk=","VlSMmvnDuSOhpuhDkK+QubwMYOQZudL/qP8YLduiNiY=","9f9qG+iRuwmY+07cWzA74hEkUXcWNzcGvW8rwFZYIlY=","9/OckXMeb6yNrHoyxg8wb4c1dQhO7K3ZNfeJ5IFfhfQ=","7z+PDjaIhHduApbpPdQgu8vXgN90htVs25PYS9Ya1NM=","2L/hCsMw0SIoxpeiF82aOPZxy2UurFnSMN3A9R0+iB4=","d59Jd9WaQfCJR+/ZrzIpJGj3Tp46K634KBwaYa1aPMc=","qdEp/n6SibdEhcWIy9M8cmGIIo1eUyDafE8uio7RiUc=","qwKfmc0Xe0Psh9SWRksDMU+CQ7Q3qUEKUZppZt/2gBY=","SYq8GzeaK+eQ0oJsFTd0ylGFw8QyWxWOKRw8S9YdCMM=","7e4F0wkPSByonBuXZSgfcLb+inwG+mjmAzAbBCWtAuA=","lYmd4NkpdXrcnnSfWsEm/w265q/QGgJwXLM/JOx1qEk=","hAT1AJWQ6+mF1Iny15iBW2F2lwq3+lJwVCPmyZFgOZ4=","U9jjFhRrE9823Cc3ZZ0pL7sOK/B5eO4bDE9b6IV3sqA=","Y5EthQbSrPBFjfI6FVped/IpiUDlOS2BUKbxOFtEXfI=","ybHQ4HOQlsoOnxNprfDvMG6qmLRJBpevmlrVfGaYpFU=","YeZeYU9rHRDFGlamHGIiMx+a+/3F7rexFYygnrOGpu8=","zpzbWIWv7ZzrS2wAPQdPm4cLslv807dJqVj2mUEPwEA=","vr/XHVtbiJafAXPwz+M0KejEkVWDG8PSIYeCFN89NBs=","DiLPQ04LYkzWnX3xrh65TpnQ26dkj8yBpq4Q0khXwac=","8dHTjqaEYPnuBA/UPO2R4kIVBPLMtR/Jl5J3BqPN4Ts=","+5WlppcdVd3WvjC+Hac4glR5oyKZzC+6MjeHtmlgrMU=","V55YzwDE7TjU+nFrwhQ1BBi737qOoyyojyWZUi1VWDc=","siXLp3H6e4NnsuKI1Szto3v8JD8qURhD69ASrz9lya0=","K8azXFSRWXSnseL1pyjtf+P4eZfVntuGX/0Vf0qDwfQ=","lMjKQWFr4bZKKWt01G2euDs9Yk/lH9jBmNxLmyNThC0=","3hN+cpCUNjg4ltVbor/ej7e9pWwVc93eYVnISSlQe2o=","xwKkLxfMv/R1c3tNnytDqjgq5mAr5FltiTD07qImkOM=","busbO3+V53mtgIxSgE2qvvrM6+URpJg8ebVBgYgTObo=","JAdJ2+vTkU7J9EAdOjEzKy2OhRBYLTPbLMlQBtdI3b4=","u4IYTqVhr/ORQZAmfxSpTO1uGoeZ7t+kRxrkvIU8jk8=","GSDbhGhT9TRkx+ntufFiCSlCkvVncSdx1jR58arp1EY=","MjD4mzO6Lk+F/T29oOeV1pTyDiqELGKiwvJxwcxvtHk=","MM28QsKBsmPREeo2sFw7rNqLEe//ij5JIF0ucm0fYuU=","s/rBvk4kRFtAVlgj+99Lv+MC15YS2A7ZuBA7sTE3t4g=","AHhiIl27qEuKUFVd527n4tZyKx0qBVzlu35RTERGSJs=","Zphwz1WaflKX4haqcnHE5LHAZoryz/h6UodVD9YTNqw=","il3VgRD7vE47Dg0k40I+13itKrhjI+L356cK1Budmv8=","3n6StXn5altpn+EQpG/25YutXfJibZlIW92lA/j1QuY=","plmItSXWzwlO29B7fKU0w7fLYjzleFEI0CcClC0Z7mM=","qBJSeK/aP9eE81sF9wJwwLnNjxFXQ8IGbGRhFE+n7w4=","9tfcXR2uFyk6WePnHBhlWxWo1XDhStIRS0+2FZhJvvw=","YofYjxdGX4d+7h7ye8BolP7kqAb2tHEs5sAz1+7xegQ=","Zbi6K1Lgjy29rc5VjSI++3PR7fKn7bOjXSEm0ubb1Co=","st+/8AOQbVDa3cBdnyt8ieW39AElOoMrzZI0xVdsMAQ=","S+mITaWybROLgxFhwwAjU5mRRDoW3e38H4XpkU7+mvM=","QK+AX8I0sI5ZIVLBiTyhyeXWiuz5pPTNJUqpgrZvXgU=","SQi7HyxSoF6+wcMiLFWyZ1Iv3RGhgrMYgljtP6RwKjc=","+3RdgbqiCaB0OaUUGANykjj72Hwsc2WXnHJL3DASi+M=","qBT7eKhXbSaK9Z79uUAMOdrRqQ8BfPGxjsP+vhudEns=","wUPKKFtlk4nQGMYOVv1isB/LhY6IJfrXivDKdl98+Ec=","XH2ksrCvqxUB+SJJRb6LHLGobcdxV6wmWS370pmS1+k=","yv67zksMtLIMFLTOy+DGOrCNDr0HSWDdDRMWp7LMG9Y=","pZ5t7oFYEmL2jlb0MQWtpWANmspmLu46VjnLwaxxe6o=","H2ZW8tAhsi+ZtTwYv8prDdS9t30t31kAQYEuYmjaguw=","WCToVe9HcC8bSYy4wEh0NFdFpp3/Ae2pXrZUb2Mv0QA=","4CCI8dURyE3YUXaUYUagw5r5AYqzIvBHF9kUUAUJ6N4=","kYq1VqDKtqFqqzCLrgCm2524DWrFrhSt6kKfZTZN7sc=","Nuwn4VtqRhjKSfztu5GijFn2mmSvo36Tg69iG6UcnDQ=","LxWXwd60BB1HLQ9x/Riuq2yjwP7SNKv0+GGryYVKdLc=","qYE9yWrBkPkABtLUJRHk4TO7zIbpTsxXBDL2ff3i/dU=","WzsGQ6mdc5sKeglOMt+Pu3eJ1IotjhjPc+CSOCZzBB8=","QkSurJxEx4H/8RmyE+tWTgALI7BC3BdYQSjWPppuvP0=","oCQk9h+nGe52La8DX89Lr9+W5+VIQyoXsHvs1qiOns0=","f7htsjuSt4E7A/476bDhEw6/k4YSxDuTW0WqUIiJ+eo=","avI04vYN/lL0skdgx0fzUt4Fu0MVzsgHJEsn3AlwFwo=","jt+DFZMvmlU4bK4NTjrlXGxEJ5o6PZSvUt+PnlZ3iM8=","vzDiUz3SOhzwMh/QSZL2fBzc4TojAUJNKMHm93ES2fQ=","MkeODc9TRblvDsL3Sr96LzAY+VKWCA0gczcz2fMN+1I=","yMva7CuA0YEsVfSJjU1XOsXQhJT7LNk3A+Zp2xfIEnI=","YCt5Bt6fYm5TxK0i5KgZY3rXG/Xylvge4shGvAiQ1nk=","WbSZgZHUZXLe06snY2Pn55t6tDV9IPKT/nU/9K+YUso=","JR2Mt6vhP9FGN9EwmA9QiMpMHnbb7/9jsOG2BYvUflY=","Jg0acdwm4IZ7VG3C3SHx53Pa1DZp1SBr+7LzjNAhGrY=","pkN++SP2L6DN1GhVbrfWytdnuEUqmA1ykv2LTO9s8GQ=","KPNdKoHnzyXw5kZ7bFNv5KsXTS87aogBqslEaBCWlBw=","wOC9fsS4IjhmRhknPSRmq1HXmyQ3Yt+jBcECsaGc0hQ=","dcihs+ZFSdabw5dN30Sgcdwc9cxcK5VH+PZcKRKMIG4=","7DJwCHSInp9y58ErMcj/ZbAGOCyp+Ut/XXx+3zb4IjA=","EsGDA+6Ld0H6ZvdOcID/Fm+97HTPsMzMrzs7I9dYN6s=","MC03Q0nNuZnr18/6puVRejjECwNYpGr5CSD4qeZnxXo=","W/f5d0pmtWo2zSGjjHO/pJd8ZtbM072cElun+F4COoA=","jJfL6Nk2Pefsf6LTKvr6xlUnJ3AkxCLcjOnm7znHVNg=","o7+WYOnsxeT2ssYv2kagsfCKFJKuMEYKfmmBM1U2T28=","Ym3g7QAuyFuV++PUWopsQhIhwekYL/timQjJOzxg0U4=","KP6TeO6KaeBqqOtJBO1+DhtYjXjuyaH0WW4D2PFTGaI=","Jg0jPQse1PZ6DxVrgcUJDYErfneTRmziYnzccssB9Lg=","Xd9kowGzMxzcwMVdW4Y0npF+VX1i6mlNfd1f2nmnqQ8=","GRBE4UyHGrKbEbUCgOtE1rCvkcd6j18wy7sK8mdDRd8=","E20Jg5JzvHwvqwIrNgk6rr9oYXMj2kUCM4pcnsj8mgM=","v1I2TFQGqONKPBEjzx9EgGWG8UP8dMZCW1HR2KL2NnM="],"block_size":4096,"path":"build/main.js"},{"block_hashes":["qacQT2jVq9AG0YcNlpsSFQg1zA+6uC2/01P4NXz9R68="],"block_size":4096,"path":"build/panel.js"},{"block_hashes":["WLq8FGt1GXcM+1kyTc5QnsvVBxtili9CiuJIg/jNGIo=","ZB0veOkWdpxjRyn9HI68FFljg6gnXiy1dAM5v7LVD6Y=","cPX9JtAVB+rFdi2TV3yGKdIOaaHhySHiwynEiygN8SA=","wbGCR2D3cL5Rpd9S408JXjAbY2H6P41R5ABT1W0fm9k=","GJ31Hax2JyJChBh6zByNZcniT7WMPeUWn3riShCqReo=","ZH7Cw4X0rUm7zh5wrngjoAnH76JxiaTvUzGZiCxSKTY=","lR9oHeefrW0MJE8CeBcxffOiIoSqjiQEN6Kiad8GE68=","oFV6NFnyz6TUckD7ai7u99EVaOaP6UY0LAvgPLbCZi0=","8ily4riZAO1AFeqeJ/XjUwiaYtlbfkR4uwHYVPwu32Y=","roHKf1aTysV2rCUs/qXwnIzz4Ya5V4RgB4RlrQwIA58=","RMdfWlhANToHCpXQ7PZyHxQUFWIds6zm2dSGEE550Eo=","avUnhFEJ9+H+kCidRgEByJJy8fszR/n1JDdcV81XmTQ=","sKK52QjAThH3Rf2sNSmLoPaeRfwtkfYlALzxQiBwMXk=","6XEQkG02nra+Vbvs7bR2xoK80Gjz/xxip3FqfVQrF0s=","Z5ziU5p2quxCE0wsHMI3N2GPhc3RkXLqgod75mZKXcE=","EIL+TEqbxfWmzINFC+28cT+E9IToaUtN8mTNsNg+f4o=","5gz/o8OBMEPplRX3hPzNHXghNFPUfucaOFRvhn3W3Tk=","3KgGc9nb15CrKbM2zWet7rVXi1G5a7m/NT+BN5PnltA=","SAcUFUNkGz/64abvqR47G0ntaf4XygBRVLrbcVi7qJk=","nCrtlBjRPSarJoKffC1bKRFOO8jjd28vRXTy5tM+MrI=","n5JvBveDgvB7cQk3Zz4io8QAxPyZNFrTYtHDVsfqeXA=","8a0PaWAbTu2j9J5YhT7TaCKTDM0uSLbhZHbGdA3WzLc=","6Vk+3RMJ+m6uoxwwI13kycrV/IkBZ4JRhRjkv+aL7a8=","BFSoPxhuCBvPmVIGiOXqqCAFczwnZAYHsUlfc5Boms0="],"block_size":4096,"path":"build/renderer.js"},{"block_hashes":["0WTveHSmUeTH421fRTviI8iDjkFwqvSP/ZrygTnn9Jw=","jluXLKeIDib585A6U3L9OuR6achfXG7jkQKTaWss4Lg="],"block_size":4096,"path":"icons/128-deadcode.png"},{"block_hashes":["0WTveHSmUeTH421fRTviI8iDjkFwqvSP/ZrygTnn9Jw=","jluXLKeIDib585A6U3L9OuR6achfXG7jkQKTaWss4Lg="],"block_size":4096,"path":"icons/128-development.png"},{"block_hashes":["o48eP1/U+UzYPhyduXRBFq4ENdhDJXgIayXQZKhEQE4=","PCo9+9BpXREZrg2b1B35OB0d31pPebAj8u+mKC/kDvg="],"block_size":4096,"path":"icons/128-outdated.png"},{"block_hashes":["0WTveHSmUeTH421fRTviI8iDjkFwqvSP/ZrygTnn9Jw=","jluXLKeIDib585A6U3L9OuR6achfXG7jkQKTaWss4Lg="],"block_size":4096,"path":"icons/128-unminified.png"},{"block_hashes":["/bxiVxniBpe1DnBH1tk4CjXdajwxkP3hRnpHd5DALEI="],"block_size":4096,"path":"icons/16-deadcode.png"},{"block_hashes":["/bxiVxniBpe1DnBH1tk4CjXdajwxkP3hRnpHd5DALEI="],"block_size":4096,"path":"icons/16-development.png"},{"block_hashes":["/EWeZHyZk064lP2X/cY2GpquGBHjzCqNy3Vtsv1/5aE="],"block_size":4096,"path":"icons/16-outdated.png"},{"block_hashes":["/bxiVxniBpe1DnBH1tk4CjXdajwxkP3hRnpHd5DALEI="],"block_size":4096,"path":"icons/16-unminified.png"},{"block_hashes":["99Z6YdK/lL9iQYyMUHIpOVRSWJ6nYAD62lxRCk0/dSI="],"block_size":4096,"path":"icons/32-deadcode.png"},{"block_hashes":["99Z6YdK/lL9iQYyMUHIpOVRSWJ6nYAD62lxRCk0/dSI="],"block_size":4096,"path":"icons/32-development.png"},{"block_hashes":["BVKH+nq22PyP7Kf/eAqXx7U3S9g32F+p+lqUQ56pFl0="],"block_size":4096,"path":"icons/32-outdated.png"},{"block_hashes":["99Z6YdK/lL9iQYyMUHIpOVRSWJ6nYAD62lxRCk0/dSI="],"block_size":4096,"path":"icons/32-unminified.png"},{"block_hashes":["gGrqVraNIx7bz3IZm3t1BqopXHTTAOmwFSxzqtXhfB8="],"block_size":4096,"path":"icons/48-deadcode.png"},{"block_hashes":["gGrqVraNIx7bz3IZm3t1BqopXHTTAOmwFSxzqtXhfB8="],"block_size":4096,"path":"icons/48-development.png"},{"block_hashes":["xtV8STAVn6W52Yp9h2qtwGrGrW9x+71GE4QFg26zFoo="],"block_size":4096,"path":"icons/48-outdated.png"},{"block_hashes":["gGrqVraNIx7bz3IZm3t1BqopXHTTAOmwFSxzqtXhfB8="],"block_size":4096,"path":"icons/48-unminified.png"},{"block_hashes":["rMZnMyVDzUkQl7KB/TW9Sb9DV2jUyyq49Xl0AHJ1YxM="],"block_size":4096,"path":"icons/deadcode.svg"},{"block_hashes":["rMZnMyVDzUkQl7KB/TW9Sb9DV2jUyyq49Xl0AHJ1YxM="],"block_size":4096,"path":"icons/development.svg"},{"block_hashes":["J5MQwt/ocfP2qHXvPVz7iSLTf67rnBJ+wxKu6+HFHNM="],"block_size":4096,"path":"icons/disabled.svg"},{"block_hashes":["193k33vjSLNB1NgMqH4i+R76axGyy+UmUTSIbhZvSJI="],"block_size":4096,"path":"icons/outdated.svg"},{"block_hashes":["EPxpqHAOHG9pQKG1rXzTIfcvq/jMF1SLQGx5oTdbaP8="],"block_size":4096,"path":"icons/production.svg"},{"block_hashes":["s79DjXDmvx7mgrHVMrjhwrg4Y7IF2wbnQLDruCKhTYM="],"block_size":4096,"path":"main.html"},{"block_hashes":["IBOJOrDxkA2AFuIHOB2A2e+8h1EhWVG5FOUWpK3TIH4="],"block_size":4096,"path":"panel.html"},{"block_hashes":["sHpnIEYx8yHZ2p98z7drW8vDSBmRQaiwxj8ra7t49Jo="],"block_size":4096,"path":"popups/deadcode.html"},{"block_hashes":["L9493Jmv5rrTObfCYINl2bXrI4GqjwNqqDlLyajl/ys="],"block_size":4096,"path":"popups/development.html"},{"block_hashes":["dkqY+sSd+Fzo9qDi/m7Z4llgCOyKEGPfTJz0Fv7pDCI="],"block_size":4096,"path":"popups/disabled.html"},{"block_hashes":["DcUMqtUoH2c4yF9yAyvTDpqw8MXKtY4AJ8UTbIwdD3g="],"block_size":4096,"path":"popups/outdated.html"},{"block_hashes":["KuQwcmT9vp8GJ3KtmBDctykt89dS+eni1/RKFAvlwL8="],"block_size":4096,"path":"popups/production.html"},{"block_hashes":["dcS+oojv93mDSwyH2mSFzF41BjCXlTW64tYiRpSuYBA="],"block_size":4096,"path":"popups/shared.js"},{"block_hashes":["coE9svdx2Yp800YwkMvaZVFlo1Uu3gapd8ftY9HnUjc="],"block_size":4096,"path":"popups/unminified.html"}],"version":2}